Hashtag,Tweet,User,Date,Likes,Retweets
#AI,AI is revolutionizing every industry!,@user1,2024-12-10,150,50
#DataScience,"Data Science is the future, and it's here now.",@user2,2024-12-11,200,70
#Python,Learning Python is the best decision I ever made.,@user3,2024-12-12,300,90
#MachineLearning,Machine Learning is at the heart of modern AI.,@user4,2024-12-13,400,120
#DeepLearning,Deep Learning is making breakthroughs every day.,@user5,2024-12-14,250,80
#BigData,Big Data helps make sense of large-scale information.,@user6,2024-12-15,180,60
#Analytics,Analytics transforms raw data into actionable insights.,@user7,2024-12-16,220,75
#AI,AI is changing the way we interact with the world.,@user8,2024-12-17,500,150
#Python,Python is the most versatile programming language.,@user9,2024-12-18,600,180
#Tech,Tech trends to watch out for in 2024!,@user10,2024-12-19,350,100
